chemistry,patient,sample,source,ibrutinib_sensitivity,days_ibrutinib_treatment,days_ibrutinib_relapse,CART_sensitivity,days_CART_treatment,celltype,n,freq,total_no_cell,therapeutic_sensitivity
Cohort1,A,A3,LN,R,81,167,R,81,CD4 T,2,0.00155159038013964,1289,Dual
Cohort1,A,A3,LN,R,81,167,R,81,CD8 T,3,0.00232738557020946,1289,Dual
Cohort1,A,A3,LN,R,81,167,R,81,Tumor B,1284,0.996121024049651,1289,Dual
Cohort1,AA,AA1,PB,Slow_responder,pre,NA,,NA,CD14 Mono,8,0.00468110005851375,1709,IBN-Slow
Cohort1,AA,AA1,PB,Slow_responder,pre,NA,,NA,CD16 Mono,23,0.013458162668227,1709,IBN-Slow
Cohort1,AA,AA1,PB,Slow_responder,pre,NA,,NA,CD4 T,49,0.0286717378583967,1709,IBN-Slow
Cohort1,AA,AA1,PB,Slow_responder,pre,NA,,NA,CD8 T,46,0.0269163253364541,1709,IBN-Slow
Cohort1,AA,AA1,PB,Slow_responder,pre,NA,,NA,NK,28,0.0163838502047981,1709,IBN-Slow
Cohort1,AA,AA1,PB,Slow_responder,pre,NA,,NA,Tumor B,1555,0.90988882387361,1709,IBN-Slow
Cohort1,B,B0,BM,S,-202,NA,,NA,CD14 Mono,29,0.0353227771010962,821,IBN-S
Cohort1,B,B0,BM,S,-202,NA,,NA,CD16 Mono,11,0.0133982947624848,821,IBN-S
Cohort1,B,B0,BM,S,-202,NA,,NA,CD4 T,120,0.146163215590743,821,IBN-S
Cohort1,B,B0,BM,S,-202,NA,,NA,CD8 T,70,0.0852618757612667,821,IBN-S
Cohort1,B,B0,BM,S,-202,NA,,NA,Eryth,19,0.023142509135201,821,IBN-S
Cohort1,B,B0,BM,S,-202,NA,,NA,NK,31,0.0377588306942753,821,IBN-S
Cohort1,B,B0,BM,S,-202,NA,,NA,Tumor B,541,0.658952496954933,821,IBN-S
Cohort1,B,B1,PB,S,-203,NA,,NA,CD14 Mono,42,0.0850202429149798,494,IBN-S
Cohort1,B,B1,PB,S,-203,NA,,NA,CD16 Mono,19,0.0384615384615385,494,IBN-S
Cohort1,B,B1,PB,S,-203,NA,,NA,CD4 T,51,0.103238866396761,494,IBN-S
Cohort1,B,B1,PB,S,-203,NA,,NA,CD8 T,20,0.0404858299595142,494,IBN-S
Cohort1,B,B1,PB,S,-203,NA,,NA,Eryth,1,0.00202429149797571,494,IBN-S
Cohort1,B,B1,PB,S,-203,NA,,NA,NK,3,0.00607287449392713,494,IBN-S
Cohort1,B,B1,PB,S,-203,NA,,NA,Tumor B,358,0.724696356275304,494,IBN-S
Cohort1,B,B4,PB,R,354,262,,NA,CD14 Mono,15,0.0147637795275591,1016,IBN-R
Cohort1,B,B4,PB,R,354,262,,NA,CD16 Mono,10,0.00984251968503937,1016,IBN-R
Cohort1,B,B4,PB,R,354,262,,NA,CD4 T,3,0.00295275590551181,1016,IBN-R
Cohort1,B,B4,PB,R,354,262,,NA,CD8 T,13,0.0127952755905512,1016,IBN-R
Cohort1,B,B4,PB,R,354,262,,NA,NK,5,0.00492125984251968,1016,IBN-R
Cohort1,B,B4,PB,R,354,262,,NA,Tumor B,970,0.954724409448819,1016,IBN-R
Cohort1,C,C1,PB,S,-7,NA,,NA,CD14 Mono,47,0.0310435931307794,1514,IBN-S
Cohort1,C,C1,PB,S,-7,NA,,NA,CD16 Mono,13,0.00858652575957728,1514,IBN-S
Cohort1,C,C1,PB,S,-7,NA,,NA,CD4 T,41,0.0270805812417437,1514,IBN-S
Cohort1,C,C1,PB,S,-7,NA,,NA,CD8 T,12,0.00792602377807133,1514,IBN-S
Cohort1,C,C1,PB,S,-7,NA,,NA,Eryth,20,0.0132100396301189,1514,IBN-S
Cohort1,C,C1,PB,S,-7,NA,,NA,NK,22,0.0145310435931308,1514,IBN-S
Cohort1,C,C1,PB,S,-7,NA,,NA,Tumor B,1359,0.897622192866579,1514,IBN-S
Cohort1,C,C2,PB,S,1,NA,,NA,CD14 Mono,34,0.0414634146341463,820,IBN-S
Cohort1,C,C2,PB,S,1,NA,,NA,CD16 Mono,9,0.0109756097560976,820,IBN-S
Cohort1,C,C2,PB,S,1,NA,,NA,CD4 T,18,0.0219512195121951,820,IBN-S
Cohort1,C,C2,PB,S,1,NA,,NA,CD8 T,8,0.00975609756097561,820,IBN-S
Cohort1,C,C2,PB,S,1,NA,,NA,Eryth,2,0.0024390243902439,820,IBN-S
Cohort1,C,C2,PB,S,1,NA,,NA,NK,28,0.0341463414634146,820,IBN-S
Cohort1,C,C2,PB,S,1,NA,,NA,Tumor B,721,0.879268292682927,820,IBN-S
Cohort1,C,C4,PB,S,21,NA,,NA,CD14 Mono,193,0.545197740112994,354,IBN-S
Cohort1,C,C4,PB,S,21,NA,,NA,CD16 Mono,7,0.019774011299435,354,IBN-S
Cohort1,C,C4,PB,S,21,NA,,NA,CD4 T,109,0.307909604519774,354,IBN-S
Cohort1,C,C4,PB,S,21,NA,,NA,CD8 T,19,0.0536723163841808,354,IBN-S
Cohort1,C,C4,PB,S,21,NA,,NA,NK,26,0.0734463276836158,354,IBN-S
Cohort1,C,C6,PB,S,60,NA,,NA,CD14 Mono,49,0.395161290322581,124,IBN-S
Cohort1,C,C6,PB,S,60,NA,,NA,CD4 T,50,0.403225806451613,124,IBN-S
Cohort1,C,C6,PB,S,60,NA,,NA,CD8 T,14,0.112903225806452,124,IBN-S
Cohort1,C,C6,PB,S,60,NA,,NA,Eryth,4,0.032258064516129,124,IBN-S
Cohort1,C,C6,PB,S,60,NA,,NA,NK,7,0.0564516129032258,124,IBN-S
Cohort1,D,D1,PB,S,-11,NA,,NA,CD14 Mono,50,0.0414250207125104,1207,IBN-S
Cohort1,D,D1,PB,S,-11,NA,,NA,CD16 Mono,6,0.00497100248550124,1207,IBN-S
Cohort1,D,D1,PB,S,-11,NA,,NA,CD4 T,913,0.756420878210439,1207,IBN-S
Cohort1,D,D1,PB,S,-11,NA,,NA,CD8 T,92,0.0762220381110191,1207,IBN-S
Cohort1,D,D1,PB,S,-11,NA,,NA,Eryth,2,0.00165700082850041,1207,IBN-S
Cohort1,D,D1,PB,S,-11,NA,,NA,NK,34,0.028169014084507,1207,IBN-S
Cohort1,D,D1,PB,S,-11,NA,,NA,Tumor B,110,0.0911350455675228,1207,IBN-S
Cohort1,D,D2,BM,S,-7,NA,,NA,CD14 Mono,234,0.18381775333857,1273,IBN-S
Cohort1,D,D2,BM,S,-7,NA,,NA,CD16 Mono,23,0.0180675569520817,1273,IBN-S
Cohort1,D,D2,BM,S,-7,NA,,NA,CD4 T,440,0.345640219952867,1273,IBN-S
Cohort1,D,D2,BM,S,-7,NA,,NA,CD8 T,132,0.10369206598586,1273,IBN-S
Cohort1,D,D2,BM,S,-7,NA,,NA,Eryth,85,0.0667714061272584,1273,IBN-S
Cohort1,D,D2,BM,S,-7,NA,,NA,NK,49,0.0384917517674784,1273,IBN-S
Cohort1,D,D2,BM,S,-7,NA,,NA,Tumor B,310,0.243519245875884,1273,IBN-S
Cohort1,D,D4,BM,S,147,NA,,NA,CD14 Mono,84,0.225201072386059,373,IBN-S
Cohort1,D,D4,BM,S,147,NA,,NA,CD16 Mono,1,0.00268096514745308,373,IBN-S
Cohort1,D,D4,BM,S,147,NA,,NA,CD4 T,166,0.445040214477212,373,IBN-S
Cohort1,D,D4,BM,S,147,NA,,NA,CD8 T,17,0.0455764075067024,373,IBN-S
Cohort1,D,D4,BM,S,147,NA,,NA,Eryth,87,0.233243967828418,373,IBN-S
Cohort1,D,D4,BM,S,147,NA,,NA,NK,6,0.0160857908847185,373,IBN-S
Cohort1,D,D4,BM,S,147,NA,,NA,Tumor B,12,0.032171581769437,373,IBN-S
Cohort1,D,D5,PB,S,147,NA,,NA,CD14 Mono,130,0.13,1000,IBN-S
Cohort1,D,D5,PB,S,147,NA,,NA,CD16 Mono,18,0.018,1000,IBN-S
Cohort1,D,D5,PB,S,147,NA,,NA,CD4 T,759,0.759,1000,IBN-S
Cohort1,D,D5,PB,S,147,NA,,NA,CD8 T,74,0.074,1000,IBN-S
Cohort1,D,D5,PB,S,147,NA,,NA,NK,18,0.018,1000,IBN-S
Cohort1,D,D5,PB,S,147,NA,,NA,Tumor B,1,0.001,1000,IBN-S
Cohort1,E,E1,PB,R,-3,NA,,NA,CD14 Mono,148,0.167800453514739,882,IBN-R
Cohort1,E,E1,PB,R,-3,NA,,NA,CD16 Mono,25,0.0283446712018141,882,IBN-R
Cohort1,E,E1,PB,R,-3,NA,,NA,CD4 T,264,0.299319727891156,882,IBN-R
Cohort1,E,E1,PB,R,-3,NA,,NA,CD8 T,420,0.476190476190476,882,IBN-R
Cohort1,E,E1,PB,R,-3,NA,,NA,Eryth,3,0.00340136054421769,882,IBN-R
Cohort1,E,E1,PB,R,-3,NA,,NA,NK,18,0.0204081632653061,882,IBN-R
Cohort1,E,E1,PB,R,-3,NA,,NA,Tumor B,4,0.00453514739229025,882,IBN-R
Cohort1,E,E2,PB,R,47,21,,NA,CD14 Mono,80,0.254777070063694,314,IBN-R
Cohort1,E,E2,PB,R,47,21,,NA,CD16 Mono,10,0.0318471337579618,314,IBN-R
Cohort1,E,E2,PB,R,47,21,,NA,CD4 T,50,0.159235668789809,314,IBN-R
Cohort1,E,E2,PB,R,47,21,,NA,CD8 T,167,0.531847133757962,314,IBN-R
Cohort1,E,E2,PB,R,47,21,,NA,NK,6,0.0191082802547771,314,IBN-R
Cohort1,E,E2,PB,R,47,21,,NA,Tumor B,1,0.00318471337579618,314,IBN-R
Cohort1,E,E3,PB,R,75,49,,NA,CD14 Mono,195,0.389221556886228,501,IBN-R
Cohort1,E,E3,PB,R,75,49,,NA,CD16 Mono,38,0.0758483033932136,501,IBN-R
Cohort1,E,E3,PB,R,75,49,,NA,CD4 T,100,0.199600798403194,501,IBN-R
Cohort1,E,E3,PB,R,75,49,,NA,CD8 T,142,0.283433133732535,501,IBN-R
Cohort1,E,E3,PB,R,75,49,,NA,Eryth,15,0.029940119760479,501,IBN-R
Cohort1,E,E3,PB,R,75,49,,NA,NK,11,0.0219560878243513,501,IBN-R
Cohort1,L,L6,PB,R,post,NA,R,NA,CD14 Mono,8,0.00484261501210654,1652,Dual
Cohort1,L,L6,PB,R,post,NA,R,NA,CD16 Mono,93,0.0562953995157385,1652,Dual
Cohort1,L,L6,PB,R,post,NA,R,NA,CD4 T,16,0.00968523002421308,1652,Dual
Cohort1,L,L6,PB,R,post,NA,R,NA,CD8 T,26,0.0157384987893462,1652,Dual
Cohort1,L,L6,PB,R,post,NA,R,NA,NK,5,0.00302663438256659,1652,Dual
Cohort1,L,L6,PB,R,post,NA,R,NA,Tumor B,1504,0.910411622276029,1652,Dual
Cohort1,Normal_1,Normal_1,PB,Normal,,NA,Normal,NA,CD14 Mono,549,0.242277140335393,2266,Normal
Cohort1,Normal_1,Normal_1,PB,Normal,,NA,Normal,NA,CD16 Mono,51,0.0225066195939982,2266,Normal
Cohort1,Normal_1,Normal_1,PB,Normal,,NA,Normal,NA,CD4 T,742,0.327449249779347,2266,Normal
Cohort1,Normal_1,Normal_1,PB,Normal,,NA,Normal,NA,CD8 T,547,0.241394527802295,2266,Normal
Cohort1,Normal_1,Normal_1,PB,Normal,,NA,Normal,NA,Eryth,27,0.0119152691968226,2266,Normal
Cohort1,Normal_1,Normal_1,PB,Normal,,NA,Normal,NA,NK,100,0.0441306266548985,2266,Normal
Cohort1,Normal_1,Normal_1,PB,Normal,,NA,Normal,NA,Tumor B,250,0.110326566637246,2266,Normal
Cohort1,Normal_2,Normal_2,PB,Normal,,NA,Normal,NA,CD14 Mono,143,0.195355191256831,732,Normal
Cohort1,Normal_2,Normal_2,PB,Normal,,NA,Normal,NA,CD16 Mono,14,0.0191256830601093,732,Normal
Cohort1,Normal_2,Normal_2,PB,Normal,,NA,Normal,NA,CD4 T,357,0.487704918032787,732,Normal
Cohort1,Normal_2,Normal_2,PB,Normal,,NA,Normal,NA,CD8 T,42,0.0573770491803279,732,Normal
Cohort1,Normal_2,Normal_2,PB,Normal,,NA,Normal,NA,Eryth,3,0.00409836065573771,732,Normal
Cohort1,Normal_2,Normal_2,PB,Normal,,NA,Normal,NA,NK,137,0.187158469945355,732,Normal
Cohort1,Normal_2,Normal_2,PB,Normal,,NA,Normal,NA,Tumor B,36,0.0491803278688525,732,Normal
Cohort1,V,V0,BM,S,-11,NA,,NA,CD14 Mono,2,0.00258732212160414,773,IBN-S
Cohort1,V,V0,BM,S,-11,NA,,NA,CD16 Mono,14,0.018111254851229,773,IBN-S
Cohort1,V,V0,BM,S,-11,NA,,NA,CD4 T,35,0.0452781371280724,773,IBN-S
Cohort1,V,V0,BM,S,-11,NA,,NA,CD8 T,13,0.0168175937904269,773,IBN-S
Cohort1,V,V0,BM,S,-11,NA,,NA,NK,11,0.0142302716688228,773,IBN-S
Cohort1,V,V0,BM,S,-11,NA,,NA,Tumor B,698,0.902975420439845,773,IBN-S
Cohort1,V,V1,PB,S,-11,NA,,NA,CD14 Mono,11,0.0112244897959184,980,IBN-S
Cohort1,V,V1,PB,S,-11,NA,,NA,CD16 Mono,3,0.00306122448979592,980,IBN-S
Cohort1,V,V1,PB,S,-11,NA,,NA,CD4 T,14,0.0142857142857143,980,IBN-S
Cohort1,V,V1,PB,S,-11,NA,,NA,CD8 T,7,0.00714285714285714,980,IBN-S
Cohort1,V,V1,PB,S,-11,NA,,NA,NK,11,0.0112244897959184,980,IBN-S
Cohort1,V,V1,PB,S,-11,NA,,NA,Tumor B,934,0.953061224489796,980,IBN-S
Cohort1,V,V2,PB,S,2,NA,,NA,CD14 Mono,3,0.00374064837905237,802,IBN-S
Cohort1,V,V2,PB,S,2,NA,,NA,CD16 Mono,2,0.00249376558603491,802,IBN-S
Cohort1,V,V2,PB,S,2,NA,,NA,CD4 T,7,0.00872817955112219,802,IBN-S
Cohort1,V,V2,PB,S,2,NA,,NA,CD8 T,4,0.00498753117206983,802,IBN-S
Cohort1,V,V2,PB,S,2,NA,,NA,NK,3,0.00374064837905237,802,IBN-S
Cohort1,V,V2,PB,S,2,NA,,NA,Tumor B,783,0.976309226932668,802,IBN-S
Cohort1,V,V3,PB,S,24,NA,,NA,CD14 Mono,23,0.0324400564174894,709,IBN-S
Cohort1,V,V3,PB,S,24,NA,,NA,CD16 Mono,2,0.00282087447108604,709,IBN-S
Cohort1,V,V3,PB,S,24,NA,,NA,CD4 T,39,0.0550070521861777,709,IBN-S
Cohort1,V,V3,PB,S,24,NA,,NA,CD8 T,24,0.0338504936530324,709,IBN-S
Cohort1,V,V3,PB,S,24,NA,,NA,NK,5,0.00705218617771509,709,IBN-S
Cohort1,V,V3,PB,S,24,NA,,NA,Tumor B,616,0.868829337094499,709,IBN-S
Cohort1,V,V4,PB,S,35,NA,,NA,CD14 Mono,107,0.094273127753304,1135,IBN-S
Cohort1,V,V4,PB,S,35,NA,,NA,CD16 Mono,11,0.00969162995594714,1135,IBN-S
Cohort1,V,V4,PB,S,35,NA,,NA,CD4 T,132,0.116299559471366,1135,IBN-S
Cohort1,V,V4,PB,S,35,NA,,NA,CD8 T,69,0.0607929515418502,1135,IBN-S
Cohort1,V,V4,PB,S,35,NA,,NA,Eryth,9,0.0079295154185022,1135,IBN-S
Cohort1,V,V4,PB,S,35,NA,,NA,NK,231,0.20352422907489,1135,IBN-S
Cohort1,V,V4,PB,S,35,NA,,NA,Tumor B,576,0.507488986784141,1135,IBN-S
Cohort1,V,V5,PB,S,59,NA,,NA,CD14 Mono,154,0.183551847437426,839,IBN-S
Cohort1,V,V5,PB,S,59,NA,,NA,CD16 Mono,10,0.0119189511323004,839,IBN-S
Cohort1,V,V5,PB,S,59,NA,,NA,CD4 T,28,0.033373063170441,839,IBN-S
Cohort1,V,V5,PB,S,59,NA,,NA,CD8 T,41,0.0488676996424315,839,IBN-S
Cohort1,V,V5,PB,S,59,NA,,NA,Eryth,3,0.00357568533969011,839,IBN-S
Cohort1,V,V5,PB,S,59,NA,,NA,NK,122,0.145411203814064,839,IBN-S
Cohort1,V,V5,PB,S,59,NA,,NA,Tumor B,481,0.573301549463647,839,IBN-S
Cohort1,V,V6,PB,S,92,NA,,NA,CD14 Mono,122,0.296116504854369,412,IBN-S
Cohort1,V,V6,PB,S,92,NA,,NA,CD16 Mono,5,0.0121359223300971,412,IBN-S
Cohort1,V,V6,PB,S,92,NA,,NA,CD4 T,104,0.252427184466019,412,IBN-S
Cohort1,V,V6,PB,S,92,NA,,NA,CD8 T,62,0.150485436893204,412,IBN-S
Cohort1,V,V6,PB,S,92,NA,,NA,NK,119,0.288834951456311,412,IBN-S
Cohort1,W,W1,PB,R,980,912,,NA,CD14 Mono,4,0.0032232070910556,1241,IBN-R
Cohort1,W,W1,PB,R,980,912,,NA,CD16 Mono,1,0.0008058017727639,1241,IBN-R
Cohort1,W,W1,PB,R,980,912,,NA,CD4 T,64,0.0515713134568896,1241,IBN-R
Cohort1,W,W1,PB,R,980,912,,NA,CD8 T,64,0.0515713134568896,1241,IBN-R
Cohort1,W,W1,PB,R,980,912,,NA,Eryth,3,0.0024174053182917,1241,IBN-R
Cohort1,W,W1,PB,R,980,912,,NA,NK,9,0.0072522159548751,1241,IBN-R
Cohort1,W,W1,PB,R,980,912,,NA,Tumor B,1096,0.883158742949234,1241,IBN-R
Cohort1,X,X1,PB,Slow_responder,-2,NA,,NA,CD14 Mono,17,0.0201421800947867,844,IBN-Slow
Cohort1,X,X1,PB,Slow_responder,-2,NA,,NA,CD16 Mono,26,0.0308056872037915,844,IBN-Slow
Cohort1,X,X1,PB,Slow_responder,-2,NA,,NA,CD4 T,17,0.0201421800947867,844,IBN-Slow
Cohort1,X,X1,PB,Slow_responder,-2,NA,,NA,CD8 T,30,0.0355450236966825,844,IBN-Slow
Cohort1,X,X1,PB,Slow_responder,-2,NA,,NA,Eryth,1,0.00118483412322275,844,IBN-Slow
Cohort1,X,X1,PB,Slow_responder,-2,NA,,NA,NK,20,0.023696682464455,844,IBN-Slow
Cohort1,X,X1,PB,Slow_responder,-2,NA,,NA,Tumor B,733,0.868483412322275,844,IBN-Slow
Cohort1,Y,Y1,PB,R,pre,NA,,NA,CD14 Mono,27,0.021259842519685,1270,IBN-R
Cohort1,Y,Y1,PB,R,pre,NA,,NA,CD16 Mono,213,0.167716535433071,1270,IBN-R
Cohort1,Y,Y1,PB,R,pre,NA,,NA,CD4 T,17,0.0133858267716535,1270,IBN-R
Cohort1,Y,Y1,PB,R,pre,NA,,NA,CD8 T,220,0.173228346456693,1270,IBN-R
Cohort1,Y,Y1,PB,R,pre,NA,,NA,Eryth,3,0.00236220472440945,1270,IBN-R
Cohort1,Y,Y1,PB,R,pre,NA,,NA,NK,30,0.0236220472440945,1270,IBN-R
Cohort1,Y,Y1,PB,R,pre,NA,,NA,Tumor B,760,0.598425196850394,1270,IBN-R
Cohort1,Z,Z1,PB,Slow_responder,pre,NA,,NA,CD14 Mono,47,0.0183881064162754,2556,IBN-Slow
Cohort1,Z,Z1,PB,Slow_responder,pre,NA,,NA,CD16 Mono,53,0.020735524256651,2556,IBN-Slow
Cohort1,Z,Z1,PB,Slow_responder,pre,NA,,NA,CD4 T,29,0.0113458528951487,2556,IBN-Slow
Cohort1,Z,Z1,PB,Slow_responder,pre,NA,,NA,CD8 T,116,0.0453834115805947,2556,IBN-Slow
Cohort1,Z,Z1,PB,Slow_responder,pre,NA,,NA,NK,10,0.00391236306729264,2556,IBN-Slow
Cohort1,Z,Z1,PB,Slow_responder,pre,NA,,NA,Tumor B,2301,0.900234741784038,2556,IBN-Slow
Cohort2,A,A3,LN,R,81,167,R,81,CD14 Mono,6,0.00697674418604651,860,Dual
Cohort2,A,A3,LN,R,81,167,R,81,CD4 T,2,0.00232558139534884,860,Dual
Cohort2,A,A3,LN,R,81,167,R,81,CD8 T,10,0.0116279069767442,860,Dual
Cohort2,A,A3,LN,R,81,167,R,81,NK,2,0.00232558139534884,860,Dual
Cohort2,A,A3,LN,R,81,167,R,81,Tumor B,840,0.976744186046512,860,Dual
Cohort2,A,A4,PB,R,84,170,R,84,CD14 Mono,244,0.251805985552116,969,Dual
Cohort2,A,A4,PB,R,84,170,R,84,CD16 Mono,4,0.00412796697626419,969,Dual
Cohort2,A,A4,PB,R,84,170,R,84,CD4 T,44,0.0454076367389061,969,Dual
Cohort2,A,A4,PB,R,84,170,R,84,CD8 T,174,0.179566563467492,969,Dual
Cohort2,A,A4,PB,R,84,170,R,84,Eryth,3,0.00309597523219814,969,Dual
Cohort2,A,A4,PB,R,84,170,R,84,NK,44,0.0454076367389061,969,Dual
Cohort2,A,A4,PB,R,84,170,R,84,pDCs,2,0.00206398348813209,969,Dual
Cohort2,A,A4,PB,R,84,170,R,84,Tumor B,454,0.468524251805986,969,Dual
Cohort2,F,F1,PB,R,-58,98,S,-58,CD14 Mono,307,0.746958637469586,411,IBN-R
Cohort2,F,F1,PB,R,-58,98,S,-58,CD16 Mono,46,0.111922141119221,411,IBN-R
Cohort2,F,F1,PB,R,-58,98,S,-58,CD4 T,23,0.0559610705596107,411,IBN-R
Cohort2,F,F1,PB,R,-58,98,S,-58,CD8 T,10,0.024330900243309,411,IBN-R
Cohort2,F,F1,PB,R,-58,98,S,-58,NK,19,0.0462287104622871,411,IBN-R
Cohort2,F,F1,PB,R,-58,98,S,-58,pDCs,4,0.0097323600973236,411,IBN-R
Cohort2,F,F1,PB,R,-58,98,S,-58,Tumor B,2,0.0048661800486618,411,IBN-R
Cohort2,F,F2,PB,R,196,352,S,196,CD14 Mono,1315,0.364568893817577,3607,IBN-R
Cohort2,F,F2,PB,R,196,352,S,196,CD16 Mono,274,0.075963404491267,3607,IBN-R
Cohort2,F,F2,PB,R,196,352,S,196,CD4 T,219,0.060715275852509,3607,IBN-R
Cohort2,F,F2,PB,R,196,352,S,196,CD8 T,224,0.0621014693651234,3607,IBN-R
Cohort2,F,F2,PB,R,196,352,S,196,Eryth,31,0.00859439977820904,3607,IBN-R
Cohort2,F,F2,PB,R,196,352,S,196,NK,1539,0.4266703631827,3607,IBN-R
Cohort2,F,F2,PB,R,196,352,S,196,pDCs,3,0.000831716107568617,3607,IBN-R
Cohort2,F,F2,PB,R,196,352,S,196,Tumor B,2,0.000554477405045744,3607,IBN-R
Cohort2,F,F3,PB,R,334,490,R,334,CD14 Mono,662,0.437830687830688,1512,Dual
Cohort2,F,F3,PB,R,334,490,R,334,CD16 Mono,90,0.0595238095238095,1512,Dual
Cohort2,F,F3,PB,R,334,490,R,334,CD4 T,125,0.0826719576719577,1512,Dual
Cohort2,F,F3,PB,R,334,490,R,334,CD8 T,81,0.0535714285714286,1512,Dual
Cohort2,F,F3,PB,R,334,490,R,334,Eryth,8,0.00529100529100529,1512,Dual
Cohort2,F,F3,PB,R,334,490,R,334,NK,542,0.358465608465608,1512,Dual
Cohort2,F,F3,PB,R,334,490,R,334,Tumor B,4,0.00264550264550265,1512,Dual
Cohort2,G,G1,PB,R,-1,43,S,-1,CD14 Mono,194,0.125485122897801,1546,IBN-R
Cohort2,G,G1,PB,R,-1,43,S,-1,CD4 T,3,0.0019404915912031,1546,IBN-R
Cohort2,G,G1,PB,R,-1,43,S,-1,CD8 T,72,0.0465717981888745,1546,IBN-R
Cohort2,G,G1,PB,R,-1,43,S,-1,Eryth,11,0.00711513583441138,1546,IBN-R
Cohort2,G,G1,PB,R,-1,43,S,-1,NK,1265,0.818240620957309,1546,IBN-R
Cohort2,G,G1,PB,R,-1,43,S,-1,Tumor B,1,0.000646830530401035,1546,IBN-R
Cohort2,G,G2,PB,R,420,464,R,420,CD14 Mono,414,0.597402597402597,693,Dual
Cohort2,G,G2,PB,R,420,464,R,420,CD16 Mono,12,0.0173160173160173,693,Dual
Cohort2,G,G2,PB,R,420,464,R,420,CD4 T,64,0.0923520923520924,693,Dual
Cohort2,G,G2,PB,R,420,464,R,420,CD8 T,43,0.062049062049062,693,Dual
Cohort2,G,G2,PB,R,420,464,R,420,Eryth,2,0.00288600288600289,693,Dual
Cohort2,G,G2,PB,R,420,464,R,420,NK,151,0.217893217893218,693,Dual
Cohort2,G,G2,PB,R,420,464,R,420,Tumor B,7,0.0101010101010101,693,Dual
Cohort2,H,H1,PB,R,-63,0,S,-63,CD14 Mono,77,0.267361111111111,288,IBN-R
Cohort2,H,H1,PB,R,-63,0,S,-63,CD16 Mono,8,0.0277777777777778,288,IBN-R
Cohort2,H,H1,PB,R,-63,0,S,-63,CD4 T,41,0.142361111111111,288,IBN-R
Cohort2,H,H1,PB,R,-63,0,S,-63,CD8 T,18,0.0625,288,IBN-R
Cohort2,H,H1,PB,R,-63,0,S,-63,Eryth,16,0.0555555555555556,288,IBN-R
Cohort2,H,H1,PB,R,-63,0,S,-63,NK,110,0.381944444444444,288,IBN-R
Cohort2,H,H1,PB,R,-63,0,S,-63,pDCs,17,0.0590277777777778,288,IBN-R
Cohort2,H,H1,PB,R,-63,0,S,-63,Tumor B,1,0.00347222222222222,288,IBN-R
Cohort2,H,H2,PB,R,167,230,S,167,CD14 Mono,196,0.579881656804734,338,IBN-R
Cohort2,H,H2,PB,R,167,230,S,167,CD16 Mono,24,0.0710059171597633,338,IBN-R
Cohort2,H,H2,PB,R,167,230,S,167,CD4 T,25,0.0739644970414201,338,IBN-R
Cohort2,H,H2,PB,R,167,230,S,167,CD8 T,23,0.0680473372781065,338,IBN-R
Cohort2,H,H2,PB,R,167,230,S,167,Eryth,2,0.00591715976331361,338,IBN-R
Cohort2,H,H2,PB,R,167,230,S,167,NK,67,0.198224852071006,338,IBN-R
Cohort2,H,H2,PB,R,167,230,S,167,pDCs,1,0.0029585798816568,338,IBN-R
Cohort2,I,I1,PB,R,-91,74,S,-91,CD14 Mono,107,0.300561797752809,356,IBN-R
Cohort2,I,I1,PB,R,-91,74,S,-91,CD16 Mono,23,0.0646067415730337,356,IBN-R
Cohort2,I,I1,PB,R,-91,74,S,-91,CD4 T,60,0.168539325842697,356,IBN-R
Cohort2,I,I1,PB,R,-91,74,S,-91,CD8 T,122,0.342696629213483,356,IBN-R
Cohort2,I,I1,PB,R,-91,74,S,-91,Eryth,2,0.00561797752808989,356,IBN-R
Cohort2,I,I1,PB,R,-91,74,S,-91,NK,38,0.106741573033708,356,IBN-R
Cohort2,I,I1,PB,R,-91,74,S,-91,pDCs,1,0.00280898876404494,356,IBN-R
Cohort2,I,I1,PB,R,-91,74,S,-91,Tumor B,3,0.00842696629213483,356,IBN-R
Cohort2,I,I2,Spleen,R,-63,102,S,-63,CD14 Mono,241,0.0402270071774328,5991,IBN-R
Cohort2,I,I2,Spleen,R,-63,102,S,-63,CD16 Mono,14,0.00233683859122016,5991,IBN-R
Cohort2,I,I2,Spleen,R,-63,102,S,-63,CD4 T,93,0.0155232849273911,5991,IBN-R
Cohort2,I,I2,Spleen,R,-63,102,S,-63,CD8 T,122,0.0203638791520614,5991,IBN-R
Cohort2,I,I2,Spleen,R,-63,102,S,-63,Eryth,2,0.000333834084460023,5991,IBN-R
Cohort2,I,I2,Spleen,R,-63,102,S,-63,NK,158,0.0263728926723418,5991,IBN-R
Cohort2,I,I2,Spleen,R,-63,102,S,-63,pDCs,6,0.00100150225338007,5991,IBN-R
Cohort2,I,I2,Spleen,R,-63,102,S,-63,Tumor B,5355,0.893840761141713,5991,IBN-R
Cohort2,I,I3,PB,R,57,222,S,57,CD14 Mono,49,0.0755007704160247,649,IBN-R
Cohort2,I,I3,PB,R,57,222,S,57,CD16 Mono,4,0.0061633281972265,649,IBN-R
Cohort2,I,I3,PB,R,57,222,S,57,CD4 T,19,0.0292758089368259,649,IBN-R
Cohort2,I,I3,PB,R,57,222,S,57,CD8 T,503,0.775038520801233,649,IBN-R
Cohort2,I,I3,PB,R,57,222,S,57,Eryth,1,0.00154083204930663,649,IBN-R
Cohort2,I,I3,PB,R,57,222,S,57,NK,72,0.110939907550077,649,IBN-R
Cohort2,I,I3,PB,R,57,222,S,57,pDCs,1,0.00154083204930663,649,IBN-R
Cohort2,J,J1,PB,R,-35,0,S,-35,CD14 Mono,39,0.30952380952381,126,IBN-R
Cohort2,J,J1,PB,R,-35,0,S,-35,CD16 Mono,6,0.0476190476190476,126,IBN-R
Cohort2,J,J1,PB,R,-35,0,S,-35,CD4 T,21,0.166666666666667,126,IBN-R
Cohort2,J,J1,PB,R,-35,0,S,-35,CD8 T,26,0.206349206349206,126,IBN-R
Cohort2,J,J1,PB,R,-35,0,S,-35,Eryth,4,0.0317460317460317,126,IBN-R
Cohort2,J,J1,PB,R,-35,0,S,-35,NK,30,0.238095238095238,126,IBN-R
Cohort2,J,J2,PB,R,28,63,S,28,CD14 Mono,151,0.146744412050535,1029,IBN-R
Cohort2,J,J2,PB,R,28,63,S,28,CD16 Mono,17,0.0165208940719145,1029,IBN-R
Cohort2,J,J2,PB,R,28,63,S,28,CD4 T,327,0.317784256559767,1029,IBN-R
Cohort2,J,J2,PB,R,28,63,S,28,CD8 T,397,0.38581146744412,1029,IBN-R
Cohort2,J,J2,PB,R,28,63,S,28,Eryth,4,0.00388726919339164,1029,IBN-R
Cohort2,J,J2,PB,R,28,63,S,28,NK,124,0.120505344995141,1029,IBN-R
Cohort2,J,J2,PB,R,28,63,S,28,pDCs,9,0.0087463556851312,1029,IBN-R
Cohort2,J,J3,PB,R,182,217,S,182,CD14 Mono,277,0.273715415019763,1012,IBN-R
Cohort2,J,J3,PB,R,182,217,S,182,CD16 Mono,46,0.0454545454545455,1012,IBN-R
Cohort2,J,J3,PB,R,182,217,S,182,CD4 T,250,0.24703557312253,1012,IBN-R
Cohort2,J,J3,PB,R,182,217,S,182,CD8 T,125,0.123517786561265,1012,IBN-R
Cohort2,J,J3,PB,R,182,217,S,182,Eryth,8,0.00790513833992095,1012,IBN-R
Cohort2,J,J3,PB,R,182,217,S,182,NK,276,0.272727272727273,1012,IBN-R
Cohort2,J,J3,PB,R,182,217,S,182,pDCs,28,0.0276679841897233,1012,IBN-R
Cohort2,J,J3,PB,R,182,217,S,182,Tumor B,2,0.00197628458498024,1012,IBN-R
Cohort2,K,K0,BM,R,-95,1,S,-95,CD14 Mono,6,0.0172413793103448,348,IBN-R
Cohort2,K,K0,BM,R,-95,1,S,-95,CD16 Mono,1,0.0028735632183908,348,IBN-R
Cohort2,K,K0,BM,R,-95,1,S,-95,CD4 T,25,0.0718390804597701,348,IBN-R
Cohort2,K,K0,BM,R,-95,1,S,-95,CD8 T,16,0.0459770114942529,348,IBN-R
Cohort2,K,K0,BM,R,-95,1,S,-95,Eryth,3,0.00862068965517241,348,IBN-R
Cohort2,K,K0,BM,R,-95,1,S,-95,NK,3,0.00862068965517241,348,IBN-R
Cohort2,K,K0,BM,R,-95,1,S,-95,Tumor B,294,0.844827586206897,348,IBN-R
Cohort2,K,K1,PB,R,-39,84,S,-39,CD14 Mono,289,0.338407494145199,854,IBN-R
Cohort2,K,K1,PB,R,-39,84,S,-39,CD16 Mono,87,0.101873536299766,854,IBN-R
Cohort2,K,K1,PB,R,-39,84,S,-39,CD4 T,242,0.283372365339578,854,IBN-R
Cohort2,K,K1,PB,R,-39,84,S,-39,CD8 T,57,0.0667447306791569,854,IBN-R
Cohort2,K,K1,PB,R,-39,84,S,-39,Eryth,34,0.0398126463700234,854,IBN-R
Cohort2,K,K1,PB,R,-39,84,S,-39,NK,136,0.159250585480094,854,IBN-R
Cohort2,K,K1,PB,R,-39,84,S,-39,pDCs,4,0.00468384074941452,854,IBN-R
Cohort2,K,K1,PB,R,-39,84,S,-39,Tumor B,5,0.00585480093676815,854,IBN-R
Cohort2,K,K3,PB,R,59,155,S,59,CD14 Mono,162,0.122448979591837,1323,IBN-R
Cohort2,K,K3,PB,R,59,155,S,59,CD16 Mono,16,0.0120937263794407,1323,IBN-R
Cohort2,K,K3,PB,R,59,155,S,59,CD4 T,300,0.226757369614512,1323,IBN-R
Cohort2,K,K3,PB,R,59,155,S,59,CD8 T,108,0.0816326530612245,1323,IBN-R
Cohort2,K,K3,PB,R,59,155,S,59,Eryth,9,0.00680272108843537,1323,IBN-R
Cohort2,K,K3,PB,R,59,155,S,59,NK,710,0.536659108087679,1323,IBN-R
Cohort2,K,K3,PB,R,59,155,S,59,pDCs,18,0.0136054421768707,1323,IBN-R
Cohort2,L,L1,PB,R,-30,539,S,-30,CD14 Mono,143,0.085680047932894,1669,IBN-R
Cohort2,L,L1,PB,R,-30,539,S,-30,CD16 Mono,10,0.00599161174355902,1669,IBN-R
Cohort2,L,L1,PB,R,-30,539,S,-30,CD4 T,210,0.125823846614739,1669,IBN-R
Cohort2,L,L1,PB,R,-30,539,S,-30,CD8 T,892,0.534451767525464,1669,IBN-R
Cohort2,L,L1,PB,R,-30,539,S,-30,Eryth,12,0.00718993409227082,1669,IBN-R
Cohort2,L,L1,PB,R,-30,539,S,-30,NK,401,0.240263630916717,1669,IBN-R
Cohort2,L,L1,PB,R,-30,539,S,-30,pDCs,1,0.000599161174355902,1669,IBN-R
Cohort2,L,L2,PB,R,55,624,R,55,CD14 Mono,523,0.64093137254902,816,Dual
Cohort2,L,L2,PB,R,55,624,R,55,CD16 Mono,27,0.0330882352941176,816,Dual
Cohort2,L,L2,PB,R,55,624,R,55,CD4 T,55,0.0674019607843137,816,Dual
Cohort2,L,L2,PB,R,55,624,R,55,CD8 T,89,0.10906862745098,816,Dual
Cohort2,L,L2,PB,R,55,624,R,55,Eryth,1,0.00122549019607843,816,Dual
Cohort2,L,L2,PB,R,55,624,R,55,NK,101,0.123774509803922,816,Dual
Cohort2,L,L2,PB,R,55,624,R,55,pDCs,1,0.00122549019607843,816,Dual
Cohort2,L,L2,PB,R,55,624,R,55,Tumor B,19,0.0232843137254902,816,Dual
Cohort2,L,L3,BM,R,55,624,R,55,CD14 Mono,543,0.620571428571429,875,Dual
Cohort2,L,L3,BM,R,55,624,R,55,CD16 Mono,45,0.0514285714285714,875,Dual
Cohort2,L,L3,BM,R,55,624,R,55,CD4 T,59,0.0674285714285714,875,Dual
Cohort2,L,L3,BM,R,55,624,R,55,CD8 T,115,0.131428571428571,875,Dual
Cohort2,L,L3,BM,R,55,624,R,55,Eryth,13,0.0148571428571429,875,Dual
Cohort2,L,L3,BM,R,55,624,R,55,NK,90,0.102857142857143,875,Dual
Cohort2,L,L3,BM,R,55,624,R,55,pDCs,1,0.00114285714285714,875,Dual
Cohort2,L,L3,BM,R,55,624,R,55,Tumor B,9,0.0102857142857143,875,Dual
Cohort2,M,M0,PB,R,-193,0,S,-193,CD14 Mono,135,0.223509933774834,604,IBN-R
Cohort2,M,M0,PB,R,-193,0,S,-193,CD16 Mono,20,0.033112582781457,604,IBN-R
Cohort2,M,M0,PB,R,-193,0,S,-193,CD4 T,97,0.160596026490066,604,IBN-R
Cohort2,M,M0,PB,R,-193,0,S,-193,CD8 T,137,0.22682119205298,604,IBN-R
Cohort2,M,M0,PB,R,-193,0,S,-193,Eryth,6,0.00993377483443709,604,IBN-R
Cohort2,M,M0,PB,R,-193,0,S,-193,NK,159,0.263245033112583,604,IBN-R
Cohort2,M,M0,PB,R,-193,0,S,-193,Tumor B,50,0.0827814569536424,604,IBN-R
Cohort2,M,M4,PB,R,965,1158,R,965,CD14 Mono,78,0.0111988513998564,6965,Dual
Cohort2,M,M4,PB,R,965,1158,R,965,CD16 Mono,10,0.00143575017946877,6965,Dual
Cohort2,M,M4,PB,R,965,1158,R,965,CD4 T,15,0.00215362526920316,6965,Dual
Cohort2,M,M4,PB,R,965,1158,R,965,CD8 T,32,0.00459440057430007,6965,Dual
Cohort2,M,M4,PB,R,965,1158,R,965,NK,75,0.0107681263460158,6965,Dual
Cohort2,M,M4,PB,R,965,1158,R,965,Tumor B,6755,0.969849246231156,6965,Dual
Cohort2,N,N1,PB,R,-6,0,S,-6,CD14 Mono,237,0.221082089552239,1072,IBN-R
Cohort2,N,N1,PB,R,-6,0,S,-6,CD16 Mono,7,0.00652985074626866,1072,IBN-R
Cohort2,N,N1,PB,R,-6,0,S,-6,CD4 T,307,0.286380597014925,1072,IBN-R
Cohort2,N,N1,PB,R,-6,0,S,-6,CD8 T,333,0.310634328358209,1072,IBN-R
Cohort2,N,N1,PB,R,-6,0,S,-6,Eryth,3,0.00279850746268657,1072,IBN-R
Cohort2,N,N1,PB,R,-6,0,S,-6,NK,168,0.156716417910448,1072,IBN-R
Cohort2,N,N1,PB,R,-6,0,S,-6,pDCs,1,0.000932835820895522,1072,IBN-R
Cohort2,N,N1,PB,R,-6,0,S,-6,Tumor B,16,0.0149253731343284,1072,IBN-R
Cohort2,N,N2,PB,R,28,34,S,28,CD14 Mono,38,0.0647359454855196,587,IBN-R
Cohort2,N,N2,PB,R,28,34,S,28,CD16 Mono,17,0.0289608177172061,587,IBN-R
Cohort2,N,N2,PB,R,28,34,S,28,CD4 T,18,0.030664395229983,587,IBN-R
Cohort2,N,N2,PB,R,28,34,S,28,CD8 T,432,0.735945485519591,587,IBN-R
Cohort2,N,N2,PB,R,28,34,S,28,Eryth,7,0.0119250425894378,587,IBN-R
Cohort2,N,N2,PB,R,28,34,S,28,NK,75,0.127768313458262,587,IBN-R
Cohort2,N,N3,PB,R,460,466,S,460,CD14 Mono,192,0.110091743119266,1744,IBN-R
Cohort2,N,N3,PB,R,460,466,S,460,CD16 Mono,12,0.00688073394495413,1744,IBN-R
Cohort2,N,N3,PB,R,460,466,S,460,CD4 T,188,0.107798165137615,1744,IBN-R
Cohort2,N,N3,PB,R,460,466,S,460,CD8 T,1032,0.591743119266055,1744,IBN-R
Cohort2,N,N3,PB,R,460,466,S,460,NK,314,0.180045871559633,1744,IBN-R
Cohort2,N,N3,PB,R,460,466,S,460,pDCs,6,0.00344036697247706,1744,IBN-R
Cohort2,O,O1,PB,R,-56,302,S,-56,CD14 Mono,262,0.30184331797235,868,IBN-R
Cohort2,O,O1,PB,R,-56,302,S,-56,CD16 Mono,55,0.0633640552995392,868,IBN-R
Cohort2,O,O1,PB,R,-56,302,S,-56,CD4 T,387,0.445852534562212,868,IBN-R
Cohort2,O,O1,PB,R,-56,302,S,-56,CD8 T,87,0.100230414746544,868,IBN-R
Cohort2,O,O1,PB,R,-56,302,S,-56,NK,70,0.0806451612903226,868,IBN-R
Cohort2,O,O1,PB,R,-56,302,S,-56,pDCs,2,0.00230414746543779,868,IBN-R
Cohort2,O,O1,PB,R,-56,302,S,-56,Tumor B,5,0.00576036866359447,868,IBN-R
Cohort2,O,O3,PB,R,28,386,S,28,CD14 Mono,202,0.490291262135922,412,IBN-R
Cohort2,O,O3,PB,R,28,386,S,28,CD16 Mono,29,0.0703883495145631,412,IBN-R
Cohort2,O,O3,PB,R,28,386,S,28,CD4 T,91,0.220873786407767,412,IBN-R
Cohort2,O,O3,PB,R,28,386,S,28,CD8 T,35,0.0849514563106796,412,IBN-R
Cohort2,O,O3,PB,R,28,386,S,28,NK,50,0.121359223300971,412,IBN-R
Cohort2,O,O3,PB,R,28,386,S,28,pDCs,5,0.0121359223300971,412,IBN-R
Cohort2,O,O4,PB,R,60,418,S,60,CD14 Mono,48,0.199170124481328,241,IBN-R
Cohort2,O,O4,PB,R,60,418,S,60,CD16 Mono,4,0.016597510373444,241,IBN-R
Cohort2,O,O4,PB,R,60,418,S,60,CD4 T,145,0.601659751037344,241,IBN-R
Cohort2,O,O4,PB,R,60,418,S,60,CD8 T,11,0.045643153526971,241,IBN-R
Cohort2,O,O4,PB,R,60,418,S,60,Eryth,4,0.016597510373444,241,IBN-R
Cohort2,O,O4,PB,R,60,418,S,60,NK,28,0.116182572614108,241,IBN-R
Cohort2,O,O4,PB,R,60,418,S,60,pDCs,1,0.004149377593361,241,IBN-R
Cohort2,O,O5,PB,R,278,636,S,278,CD14 Mono,227,0.289171974522293,785,IBN-R
Cohort2,O,O5,PB,R,278,636,S,278,CD16 Mono,9,0.0114649681528662,785,IBN-R
Cohort2,O,O5,PB,R,278,636,S,278,CD4 T,344,0.438216560509554,785,IBN-R
Cohort2,O,O5,PB,R,278,636,S,278,CD8 T,46,0.0585987261146497,785,IBN-R
Cohort2,O,O5,PB,R,278,636,S,278,Eryth,15,0.0191082802547771,785,IBN-R
Cohort2,O,O5,PB,R,278,636,S,278,NK,124,0.15796178343949,785,IBN-R
Cohort2,O,O5,PB,R,278,636,S,278,pDCs,13,0.0165605095541401,785,IBN-R
Cohort2,O,O5,PB,R,278,636,S,278,Tumor B,7,0.0089171974522293,785,IBN-R
Cohort2,P,P1,PB,R,-39,-32,S,-39,CD14 Mono,1317,0.398607748184019,3304,IBN-R
Cohort2,P,P1,PB,R,-39,-32,S,-39,CD4 T,8,0.00242130750605327,3304,IBN-R
Cohort2,P,P1,PB,R,-39,-32,S,-39,CD8 T,86,0.0260290556900726,3304,IBN-R
Cohort2,P,P1,PB,R,-39,-32,S,-39,Eryth,2,0.000605326876513317,3304,IBN-R
Cohort2,P,P1,PB,R,-39,-32,S,-39,NK,1890,0.572033898305085,3304,IBN-R
Cohort2,P,P1,PB,R,-39,-32,S,-39,Tumor B,1,0.000302663438256659,3304,IBN-R
Cohort2,P,P2,PB,R,26,33,S,26,CD14 Mono,53,0.14247311827957,372,IBN-R
Cohort2,P,P2,PB,R,26,33,S,26,CD16 Mono,7,0.0188172043010753,372,IBN-R
Cohort2,P,P2,PB,R,26,33,S,26,CD4 T,59,0.158602150537634,372,IBN-R
Cohort2,P,P2,PB,R,26,33,S,26,CD8 T,183,0.491935483870968,372,IBN-R
Cohort2,P,P2,PB,R,26,33,S,26,Eryth,7,0.0188172043010753,372,IBN-R
Cohort2,P,P2,PB,R,26,33,S,26,NK,61,0.163978494623656,372,IBN-R
Cohort2,P,P2,PB,R,26,33,S,26,pDCs,1,0.00268817204301075,372,IBN-R
Cohort2,P,P2,PB,R,26,33,S,26,Tumor B,1,0.00268817204301075,372,IBN-R
Cohort2,Q,Q2,PB,R,55,147,S,55,CD14 Mono,102,0.141666666666667,720,IBN-R
Cohort2,Q,Q2,PB,R,55,147,S,55,CD16 Mono,26,0.0361111111111111,720,IBN-R
Cohort2,Q,Q2,PB,R,55,147,S,55,CD4 T,58,0.0805555555555556,720,IBN-R
Cohort2,Q,Q2,PB,R,55,147,S,55,CD8 T,427,0.593055555555556,720,IBN-R
Cohort2,Q,Q2,PB,R,55,147,S,55,Eryth,1,0.00138888888888889,720,IBN-R
Cohort2,Q,Q2,PB,R,55,147,S,55,NK,101,0.140277777777778,720,IBN-R
Cohort2,Q,Q2,PB,R,55,147,S,55,pDCs,4,0.00555555555555556,720,IBN-R
Cohort2,Q,Q2,PB,R,55,147,S,55,Tumor B,1,0.00138888888888889,720,IBN-R
Cohort2,Q,Q3,PB,R,89,329,S,89,CD14 Mono,309,0.251833740831296,1227,IBN-R
Cohort2,Q,Q3,PB,R,89,329,S,89,CD16 Mono,30,0.0244498777506112,1227,IBN-R
Cohort2,Q,Q3,PB,R,89,329,S,89,CD4 T,79,0.0643846780766096,1227,IBN-R
Cohort2,Q,Q3,PB,R,89,329,S,89,CD8 T,650,0.529747351263244,1227,IBN-R
Cohort2,Q,Q3,PB,R,89,329,S,89,Eryth,9,0.00733496332518337,1227,IBN-R
Cohort2,Q,Q3,PB,R,89,329,S,89,NK,145,0.118174409127954,1227,IBN-R
Cohort2,Q,Q3,PB,R,89,329,S,89,pDCs,4,0.0032599837000815,1227,IBN-R
Cohort2,Q,Q3,PB,R,89,329,S,89,Tumor B,1,0.000814995925020375,1227,IBN-R
Cohort2,Q,Q4,PB,R,271,427,S,271,CD14 Mono,318,0.505564387917329,629,IBN-R
Cohort2,Q,Q4,PB,R,271,427,S,271,CD16 Mono,49,0.0779014308426073,629,IBN-R
Cohort2,Q,Q4,PB,R,271,427,S,271,CD4 T,90,0.14308426073132,629,IBN-R
Cohort2,Q,Q4,PB,R,271,427,S,271,CD8 T,106,0.16852146263911,629,IBN-R
Cohort2,Q,Q4,PB,R,271,427,S,271,Eryth,1,0.00158982511923688,629,IBN-R
Cohort2,Q,Q4,PB,R,271,427,S,271,NK,22,0.0349761526232114,629,IBN-R
Cohort2,Q,Q4,PB,R,271,427,S,271,pDCs,2,0.00317965023847377,629,IBN-R
Cohort2,Q,Q4,PB,R,271,427,S,271,Tumor B,41,0.0651828298887122,629,IBN-R
Cohort2,R,R1,PB,R,-6,202,R,-6,CD14 Mono,202,0.105208333333333,1920,Dual
Cohort2,R,R1,PB,R,-6,202,R,-6,CD16 Mono,19,0.00989583333333333,1920,Dual
Cohort2,R,R1,PB,R,-6,202,R,-6,CD4 T,43,0.0223958333333333,1920,Dual
Cohort2,R,R1,PB,R,-6,202,R,-6,CD8 T,176,0.0916666666666667,1920,Dual
Cohort2,R,R1,PB,R,-6,202,R,-6,NK,146,0.0760416666666667,1920,Dual
Cohort2,R,R1,PB,R,-6,202,R,-6,Tumor B,1334,0.694791666666667,1920,Dual
Cohort2,R,R2,PB,R,16,224,R,16,CD14 Mono,46,0.167883211678832,274,Dual
Cohort2,R,R2,PB,R,16,224,R,16,CD16 Mono,4,0.0145985401459854,274,Dual
Cohort2,R,R2,PB,R,16,224,R,16,CD4 T,34,0.124087591240876,274,Dual
Cohort2,R,R2,PB,R,16,224,R,16,CD8 T,141,0.514598540145985,274,Dual
Cohort2,R,R2,PB,R,16,224,R,16,Eryth,1,0.00364963503649635,274,Dual
Cohort2,R,R2,PB,R,16,224,R,16,NK,48,0.175182481751825,274,Dual
Cohort2,S,S2,PB,R,3,51,S,3,CD14 Mono,190,0.121794871794872,1560,IBN-R
Cohort2,S,S2,PB,R,3,51,S,3,CD16 Mono,7,0.00448717948717949,1560,IBN-R
Cohort2,S,S2,PB,R,3,51,S,3,CD4 T,540,0.346153846153846,1560,IBN-R
Cohort2,S,S2,PB,R,3,51,S,3,CD8 T,619,0.396794871794872,1560,IBN-R
Cohort2,S,S2,PB,R,3,51,S,3,Eryth,42,0.0269230769230769,1560,IBN-R
Cohort2,S,S2,PB,R,3,51,S,3,NK,82,0.0525641025641026,1560,IBN-R
Cohort2,S,S2,PB,R,3,51,S,3,Tumor B,80,0.0512820512820513,1560,IBN-R
Cohort2,S,S3,PB,R,567,615,S,567,CD14 Mono,109,0.129300118623962,843,IBN-R
Cohort2,S,S3,PB,R,567,615,S,567,CD16 Mono,41,0.0486358244365362,843,IBN-R
Cohort2,S,S3,PB,R,567,615,S,567,CD4 T,299,0.354685646500593,843,IBN-R
Cohort2,S,S3,PB,R,567,615,S,567,CD8 T,264,0.313167259786477,843,IBN-R
Cohort2,S,S3,PB,R,567,615,S,567,Eryth,10,0.0118623962040332,843,IBN-R
Cohort2,S,S3,PB,R,567,615,S,567,NK,89,0.105575326215896,843,IBN-R
Cohort2,S,S3,PB,R,567,615,S,567,pDCs,2,0.00237247924080664,843,IBN-R
Cohort2,S,S3,PB,R,567,615,S,567,Tumor B,29,0.0344009489916963,843,IBN-R
